dataset,seed,budget,method,f1,roc_auc,pr_auc,n_features
covtype_binary_20000,19,100,lr_topk_rules,0.7551020408163265,0.8305641025641024,0.7915374175935002,100
covtype_binary_20000,19,200,lr_topk_rules,0.7599493029150823,0.8358288930581613,0.7988336097776827,200
covtype_binary_20000,19,400,lr_topk_rules,0.7761642463695543,0.848991119449656,0.8133739634025061,400
covtype_binary_20000,23,100,lr_topk_rules,0.7629969418960245,0.8433058161350844,0.7972614547195087,100
covtype_binary_20000,23,200,lr_topk_rules,0.7646313655941221,0.8495374609130707,0.8171985722405155,200
covtype_binary_20000,23,400,lr_topk_rules,0.7881797864415198,0.8599924953095684,0.8245446972137176,400
covtype_binary_20000,29,100,lr_topk_rules,0.7632044478140005,0.8296760475297059,0.7851724571702374,100
covtype_binary_20000,29,200,lr_topk_rules,0.7685302302049076,0.839711569731082,0.7972744591101977,200
covtype_binary_20000,29,400,lr_topk_rules,0.7723022491786707,0.8459186991869918,0.8105211795093468,400
