dataset,seed,budget,method,sufficiency_f1,sufficiency_bce,fidelity_l1_to_full_prob,agreement_to_full,deletion_delta_bce,deletion_delta_f1,selected_rules_count,selected_rules_hash,removed_contribution_l1_mean,bce_full,bce_without,f1_full,f1_without,deletion_head_mode,deletion_head_ridge_alpha,surrogate_fidelity_to_full_prob,surrogate_agreement_to_full,effective_selected_rules
covtype_binary_20000,19,25,budget_prune,0.7376464595007641,0.5243590855715884,0.07999266019438091,0.92825,0.057280902624139984,0.11689443878559502,25,9c5c13b65481,0.507690220744225,0.505393075606211,0.562673978230351,0.750458235140089,0.633563796354494,ridge,1.0,0.006491301017337342,0.9905,25
covtype_binary_20000,19,25,loro_bce,0.7703883495145631,0.4982911835596999,0.07101172989120502,0.92075,0.32045581909292686,0.7412792448290233,25,104126ce5754,1.4216209140623934,0.505393075606211,0.8258488946991379,0.750458235140089,0.009178990311065782,ridge,1.0,0.006491301017337342,0.9905,25
covtype_binary_20000,19,25,c_prune_loro_bce,0.7708129285014691,0.49350570447312486,0.06011114235353805,0.93375,0.12054404627457715,0.24829373297558688,25,f3cb2ebf7ffd,0.8542399839636415,0.505393075606211,0.6259371218807882,0.750458235140089,0.5021645021645021,ridge,1.0,0.006491301017337342,0.9905,25
covtype_binary_20000,19,50,budget_prune,0.7452277933316366,0.5136418938879503,0.06976436050787242,0.932,0.05105252343251887,0.09705958235380607,50,20c89174d47e,0.4581725394139944,0.505393075606211,0.5564455990387299,0.750458235140089,0.653398652786283,ridge,1.0,0.006491301017337342,0.9905,50
covtype_binary_20000,19,50,loro_bce,0.7714215565921925,0.494310926708949,0.06244148705039741,0.938,0.5577859624806674,0.750458235140089,50,0e2848295639,1.984084763352298,0.505393075606211,1.0631790380868784,0.750458235140089,0.0,ridge,1.0,0.006491301017337342,0.9905,50
covtype_binary_20000,19,50,c_prune_loro_bce,0.7736080451312239,0.4890363224622482,0.06081234614126592,0.9365,0.13149951243704106,0.2850307258464087,50,f54a106905c5,0.9006688606308131,0.505393075606211,0.6368925880432521,0.750458235140089,0.4654275092936803,ridge,1.0,0.006491301017337342,0.9905,50
covtype_binary_20000,19,100,budget_prune,0.7547363031233999,0.5029676213916727,0.064618057064467,0.94925,0.04154886176287975,0.06578413061865629,100,b65416e11307,0.41210730984862587,0.505393075606211,0.5469419373690908,0.750458235140089,0.6846741045214327,ridge,1.0,0.006491301017337342,0.9905,100
covtype_binary_20000,19,100,loro_bce,0.773109243697479,0.4904854025991309,0.06062250500992265,0.93875,0.7481271818049346,0.750458235140089,100,55630cedd807,2.393002291378449,0.505393075606211,1.2535202574111457,0.750458235140089,0.0,ridge,1.0,0.006491301017337342,0.9905,100
covtype_binary_20000,19,100,c_prune_loro_bce,0.7756410256410257,0.488166891269788,0.0608971384211422,0.94025,0.12945080275152177,0.2837172466599701,77,99aa6b9f117e,0.8897809754584334,0.505393075606211,0.6348438783577328,0.750458235140089,0.4667409884801189,ridge,1.0,0.006491301017337342,0.9905,77
covtype_binary_20000,23,25,budget_prune,0.7523495046990094,0.512138939925642,0.07843602432397756,0.89975,0.004973940621918027,0.006643642737729438,25,73e1e7a84001,0.2032393717806641,0.479966098532983,0.484940039154901,0.7765160666827736,0.7698724239450442,ridge,1.0,0.006446375938526172,0.99225,25
covtype_binary_20000,23,25,loro_bce,0.7603099225193701,0.49301927711446,0.06690744650416525,0.92825,0.0829769337086037,0.009045184819212904,25,56eaafd5eb00,0.8197223388565165,0.479966098532983,0.5629430322415867,0.7765160666827736,0.7674708818635607,ridge,1.0,0.006446375938526172,0.99225,25
covtype_binary_20000,23,25,c_prune_loro_bce,0.7761776909934098,0.47055574224183383,0.03788229308023451,0.95975,0.051474768976285556,0.0020443116159344354,25,6dde156ade3b,0.6445261106803429,0.479966098532983,0.5314408675092686,0.7765160666827736,0.7744717550668392,ridge,1.0,0.006446375938526172,0.99225,25
covtype_binary_20000,23,50,budget_prune,0.7553865652724968,0.505126273569611,0.06759924208629227,0.91225,0.00794216951655824,0.010156275689989336,50,25ded5285cd1,0.2601204094419038,0.479966098532983,0.48790826804954124,0.7765160666827736,0.7663597909927843,ridge,1.0,0.006446375938526172,0.99225,50
covtype_binary_20000,23,50,loro_bce,0.7758578729617912,0.4731292975651575,0.04263714113880272,0.94875,0.15623642132798032,0.030183189702527202,50,b02cc59eb18a,1.1745447992460532,0.479966098532983,0.6362025198609633,0.7765160666827736,0.7463328769802464,ridge,1.0,0.006446375938526172,0.99225,50
covtype_binary_20000,23,50,c_prune_loro_bce,0.7792781733366069,0.46638901752007017,0.04000478676384353,0.95725,0.05922904546739216,0.0029432636038768667,50,77317e2c76b0,0.7025970890732149,0.479966098532983,0.5391951440003752,0.7765160666827736,0.7735728030788968,ridge,1.0,0.006446375938526172,0.99225,50
covtype_binary_20000,23,100,budget_prune,0.7613550815558344,0.4911897352971655,0.056818050872978546,0.92675,0.00912958089470528,0.008516066682773604,100,01e63eeb7a4e,0.29697655839897247,0.479966098532983,0.4890956794276883,0.7765160666827736,0.768,ridge,1.0,0.006446375938526172,0.99225,100
covtype_binary_20000,23,100,loro_bce,0.7750305997552019,0.46849289743912426,0.04104114720275412,0.95725,0.2947750503408719,0.08033395519325937,100,6c4a09d18f94,1.6383411114728657,0.479966098532983,0.7747411488738549,0.7765160666827736,0.6961821114895143,ridge,1.0,0.006446375938526172,0.99225,100
covtype_binary_20000,23,100,c_prune_loro_bce,0.7798773006134969,0.46497745771566495,0.042049662256069105,0.95275,0.057640750125101836,0.0024745160295288615,75,af32070447aa,0.6896019480793352,0.479966098532983,0.5376068486580848,0.7765160666827736,0.7740415506532448,ridge,1.0,0.006446375938526172,0.99225,75
covtype_binary_20000,29,25,budget_prune,0.7400503778337532,0.5378510208095663,0.08221859751486758,0.89875,0.016781514556039323,0.02940694171578262,25,84157d50d6c9,0.3538627824007659,0.4930228505694397,0.509804365125479,0.7755402750491159,0.7461333333333333,ridge,1.0,0.006472533275406226,0.99025,25
covtype_binary_20000,29,25,loro_bce,0.7764591910874303,0.4977676696564253,0.042154982093886635,0.9705,0.0934019878570132,0.30173953704173584,25,5340c07aff56,0.817244795034259,0.4930228505694397,0.5864248384264529,0.7755402750491159,0.4738007380073801,ridge,1.0,0.006472533275406226,0.99025,25
covtype_binary_20000,29,25,c_prune_loro_bce,0.7777506708953403,0.4905431185801311,0.0374734625585838,0.971,0.024845991931656652,0.03239143034196923,25,5835cb7e4d2a,0.42406668245390117,0.4930228505694397,0.5178688425010963,0.7755402750491159,0.7431488447071467,ridge,1.0,0.006472533275406226,0.99025,25
covtype_binary_20000,29,50,budget_prune,0.7529055078322385,0.5122334008094755,0.05680177929323038,0.92725,0.020157643223951027,0.03358748534954514,50,dd5ecc52e128,0.37886476945851244,0.4930228505694397,0.5131804937933907,0.7755402750491159,0.7419527896995708,ridge,1.0,0.006472533275406226,0.99025,50
covtype_binary_20000,29,50,loro_bce,0.7735344198491851,0.49234359026511376,0.03804288019250431,0.972,0.15480322820387843,0.5572272394153767,50,1d0f065c2d87,1.050025996139981,0.4930228505694397,0.6478260787733181,0.7755402750491159,0.2183130356337393,ridge,1.0,0.006472533275406226,0.99025,50
covtype_binary_20000,29,50,c_prune_loro_bce,0.780714635340186,0.48815564041922016,0.03604564559714537,0.97025,0.033353803614274036,0.04887176217179667,50,c6bfc8a74ac7,0.4923319941017058,0.4930228505694397,0.5263766541837137,0.7755402750491159,0.7266685128773193,ridge,1.0,0.006472533275406226,0.99025,50
covtype_binary_20000,29,100,budget_prune,0.7624113475177305,0.4997375524258133,0.05011170333126999,0.94575,0.022803880558938838,0.03041083816627632,100,873a7f42ae50,0.39613599574578395,0.4930228505694397,0.5158267311283785,0.7755402750491159,0.7451294368828396,ridge,1.0,0.006472533275406226,0.99025,100
covtype_binary_20000,29,100,loro_bce,0.7782938156929846,0.4896090060416525,0.036724018374969504,0.9725,0.1966482432546532,0.7745151597236418,100,efb97b754fcd,1.2112827547982057,0.4930228505694397,0.6896710938240929,0.7755402750491159,0.0010251153254741158,ridge,1.0,0.006472533275406226,0.99025,100
covtype_binary_20000,29,100,c_prune_loro_bce,0.7814569536423841,0.4832202663428077,0.04002081101424028,0.967,0.03441114345432156,0.05099103787851955,78,5f4a801bd586,0.5003573462922135,0.4930228505694397,0.5274339940237612,0.7755402750491159,0.7245492371705964,ridge,1.0,0.006472533275406226,0.99025,78
