dataset,budget,budget_prune_f1,budget_prune_f1_std,gate_l1_f1,gate_l1_f1_std,random_b_f1,random_b_f1_std,rulefit_f1,rulefit_f1_std,best_compact_kafn,winner_available_methods,n_seeds_budget_prune,n_seeds_gate_l1,n_seeds_rulefit
breast_cancer,100,0.9536,0.0181,0.9617,0.0138,,,0.9587,0.0147,gate_l1,gate_l1,6,6,6
breast_cancer,200,0.9620,0.0163,0.9688,0.0144,,,0.9603,0.0098,gate_l1,gate_l1,6,6,6
breast_cancer,400,0.9642,0.0141,0.9700,0.0169,,,0.9578,0.0118,gate_l1,gate_l1,6,6,6
covtype_binary_20000,100,0.7812,0.0083,0.7881,0.0043,0.6671,0.0184,,,gate_l1,gate_l1,3,3,
covtype_binary_20000,200,0.7917,0.0104,0.7916,0.0028,0.6669,0.0138,,,budget_prune,budget_prune,3,3,
covtype_binary_20000,400,0.8044,0.0098,0.7939,0.0054,0.6756,0.0151,,,budget_prune,budget_prune,3,3,
susy_binary_200000,100,,,,,,,0.7298,0.0016,,rulefit,,,6
susy_binary_200000,200,,,,,,,0.7322,0.0015,,rulefit,,,6
susy_binary_200000,400,,,,,,,0.7318,0.0019,,rulefit,,,6
